<?xml version="1.0" encoding="UTF-8"?>
<CATALOG>
	<CAR>
		<MAKE>Toyota</MAKE>
		<MODEL>Camry</MODEL>
		<MILEAGE>31,023</MILEAGE>
		<SOLD>2012/03/02</SOLD>
		<PRICE>23,000</PRICE>
		<YEAR>2010</YEAR>
	</CAR>
	<CAR>
		<MAKE>Toyota</MAKE>
		<MODEL>Yaris</MODEL>
		<MILEAGE>312,023</MILEAGE>
		<SOLD>2016/12/22</SOLD>
		<PRICE>3,000</PRICE>
		<YEAR>1999</YEAR>
	</CAR>
	<CAR>
		<MAKE>Honda</MAKE>
		<MODEL>Civic</MODEL>
		<MILEAGE>20,000</MILEAGE>
		<SOLD>2008/01/18</SOLD>
		<PRICE>15,000</PRICE>
		<YEAR>2007</YEAR>
	</CAR>
	<CAR>
		<MAKE>Honda</MAKE>
		<MODEL>Accord</MODEL>
		<MILEAGE>120,000</MILEAGE>
		<SOLD>2005/02/18</SOLD>
		<PRICE>5,000</PRICE>
		<YEAR>2000</YEAR>
	</CAR>
	<CAR>
		<MAKE>Honda</MAKE>
		<MODEL>CR-V</MODEL>
		<MILEAGE>3,000</MILEAGE>
		<SOLD>2012/10/18</SOLD>
		<PRICE>35,000</PRICE>
		<YEAR>2012</YEAR>
	</CAR>
</CATALOG>
